{"ACUTE BLOODY DIARRHEA": {"tave": 19.406146825552767, "tmin": 16.72455259392206, "tmax": 17.354646578889987, "heat_index": 17.71271142547102, "pr": 1.5081617655697024, "wind_speed": 9.999359521653503, "rh": 13.167097307473108, "solar_rad": 2.4310591134684305, "uv_rad": 1.696264867999432}, "DENGUE FEVER": {"tave": 13.720503870742956, "tmin": 9.37692335113572, "tmax": 15.410921849391329, "heat_index": 8.749902168900796, "pr": 6.8998751503837745, "wind_speed": 12.363577126261678, "rh": 21.633388054287934, "solar_rad": 6.128283526291727, "uv_rad": 5.716624902604101}, "LEPTOSPIROSIS": {"tave": 10.489924963089667, "tmin": 6.251101759790051, "tmax": 9.603779777956923, "heat_index": 5.195412528949198, "pr": 10.9950595717763, "wind_speed": 4.059407043506061, "rh": 26.817414201161498, "solar_rad": 13.72029322049638, "uv_rad": 12.867606933273917}, "TYPHOID FEVER": {"tave": 10.852686012632915, "tmin": 6.575677523026862, "tmax": 12.571944339434026, "heat_index": 8.409231176662985, "pr": 8.35903224923742, "wind_speed": 10.367036889357509, "rh": 34.05941417711098, "solar_rad": 4.610949117375103, "uv_rad": 4.194028515162181}}